"TimeCreated","Id"
"31-10-2025 11:34:32 AM","4688"
"31-10-2025 11:34:32 AM","4688"
"31-10-2025 11:34:32 AM","4688"
"31-10-2025 11:34:31 AM","4688"
"31-10-2025 11:34:31 AM","4688"
"31-10-2025 11:34:31 AM","4688"
"31-10-2025 11:34:31 AM","4688"
"31-10-2025 11:34:31 AM","4688"
"31-10-2025 11:34:29 AM","4688"
"31-10-2025 11:34:27 AM","4688"
"31-10-2025 11:34:27 AM","4688"
"30-10-2025 07:18:17 PM","4688"
"30-10-2025 07:18:17 PM","4688"
"30-10-2025 07:18:17 PM","4688"
"30-10-2025 07:18:17 PM","4688"
"30-10-2025 07:18:17 PM","4688"
"30-10-2025 07:18:17 PM","4688"
"30-10-2025 07:18:17 PM","4688"
"30-10-2025 07:18:17 PM","4688"
"30-10-2025 07:18:15 PM","4688"
"30-10-2025 07:18:13 PM","4688"
"30-10-2025 07:18:13 PM","4688"
"30-10-2025 07:17:24 PM","4688"
"30-10-2025 07:17:24 PM","4688"
"30-10-2025 07:17:24 PM","4688"
"30-10-2025 07:17:23 PM","4688"
"30-10-2025 07:17:23 PM","4688"
"30-10-2025 07:17:23 PM","4688"
"30-10-2025 07:17:23 PM","4688"
"30-10-2025 07:17:23 PM","4688"
"30-10-2025 07:17:21 PM","4688"
"30-10-2025 07:17:19 PM","4688"
"30-10-2025 07:17:19 PM","4688"
"30-10-2025 12:28:42 PM","4688"
"30-10-2025 12:28:42 PM","4688"
"30-10-2025 12:28:42 PM","4688"
"30-10-2025 12:28:42 PM","4688"
"30-10-2025 12:28:42 PM","4688"
"30-10-2025 12:28:42 PM","4688"
"30-10-2025 12:28:41 PM","4688"
"30-10-2025 12:28:41 PM","4688"
"30-10-2025 12:28:39 PM","4688"
"30-10-2025 12:28:38 PM","4688"
"30-10-2025 12:28:38 PM","4688"
"29-10-2025 01:42:19 PM","4688"
"29-10-2025 01:42:19 PM","4688"
"29-10-2025 01:42:19 PM","4688"
"29-10-2025 01:42:19 PM","4688"
"29-10-2025 01:42:19 PM","4688"
"29-10-2025 01:42:19 PM","4688"
"29-10-2025 01:42:19 PM","4688"
"29-10-2025 01:42:19 PM","4688"
"29-10-2025 01:42:18 PM","4688"
"29-10-2025 01:42:17 PM","4688"
"29-10-2025 01:42:17 PM","4688"
